,titles,links,dates,contents
0,[제목 : [엑스엘게임즈] 조용하군 ],https://www.38.co.kr/html/forum/board/?o=v&code=225630&no=1,2012-11-23, 사고팔고도 없고..
1,[제목 : [엑스엘게임즈] 그러게요 ],https://www.38.co.kr/html/forum/board/?o=v&code=225630&no=2,2012-12-25,그러게요
2,[제목 : [엑스엘게임즈] 엑스엘 장외주식 ],https://www.38.co.kr/html/forum/board/?o=v&code=225630&no=3,2013-01-05,초보라..어떡해 살수있나요???
3,[제목 : [엑스엘게임즈] 엑스엘게임즈 상장시기 ],https://www.38.co.kr/html/forum/board/?o=v&code=225630&no=7,2015-09-28,상장시기언제쯤일까요토론이 없으니궁금합니다
4,"[코멘트 : [엑스엘게임즈]
 10월중 임시주총이 있는거 같던데요
중국 아키에이지 ]",https://www.38.co.kr/html/forum/board/?o=v&code=225630&no=8,2015-10-06,10월중 임시주총이 있는거 같던데요중국 아키에이지 서비스는 와우를 넘는 대박 난거 같고하반기 문명 서비스나 중국 아키에이지 서비스중 둘중 하나만 기대했는데하반기 문명서비스 초대박을 기대합니다
5,[제목 : [엑스엘게임즈] 경력 IR 모집 문명 11월 OBT 시작 ],https://www.38.co.kr/html/forum/board/?o=v&code=225630&no=10,2015-10-29,엑스엘게임즈 채용소식 참고 11월 30일까지 마감.문명OBT(open beta test 공개서비스) - 정식서비스 바로 전 대규모의 유저들 접속 후 마지막 보완점을 찾는 단계 올해안에 정식서비스 시작 예상.
6,[코멘트 : [엑스엘게임즈] 상장시기에 관련하여 기사가 나왔군요 ],https://www.38.co.kr/html/forum/board/?o=v&code=225630&no=12,2015-11-06,상장시기에 관련하여 기사가 나왔군요
7,"[제목 : [엑스엘게임즈]
 거래는 있는데 게시판은 조용하네요 ]",https://www.38.co.kr/html/forum/board/?o=v&code=225630&no=13,2015-11-09,누구 계신가요?
8,"[제목 : [엑스엘게임즈]
 상반기중 IPO를 위한 전 네오위즈 대표 영입 기사 떳네요 ]",https://www.38.co.kr/html/forum/board/?o=v&code=225630&no=14,2015-11-09,"문명 온라인 대박나면 거래가 힘들겠네요엑스엘게임즈(대표 송재경)는 최고전략책임자(이하 CSO)로 최관호 네오위즈인터넷 대표를, 사업본부장으로 장석문 전 엔씨웨스트 시니어 디렉터를 영입한다고 9일 밝혔다.최관호 CSO는 지난 2007년 네오위즈게임즈 대표이사와 2009년 일본 게임온 대표를 거쳐 2011년 한국게임산업협회 회장을 역임했으며 최근까지 네오위즈인터넷 대표이사를 맡았다.​장석문 사업본부장은 엔씨소프트에서 해외퍼블리싱 팀장, 엔씨재팬, 엔씨웨스트에서 퍼블리싱 스튜디오를 책임졌다.엑스엘게임즈는 이번 영입에 대해 “회사의 미래 성장을 위한 기업 전략 및 사업부문을 강화하고 회사의 재무 및 마케팅 역량을 업그레이드하여 향후 진행할 IPO를 통해 공개회사로서 체계를 갖추고자 한다”고 말했다."
9,"[코멘트 : [엑스엘게임즈] 거래가 있나요?
매도 물량이 없는거 같던데 ]",https://www.38.co.kr/html/forum/board/?o=v&code=225630&no=15,2015-11-09,거래가 있나요?매도 물량이 없는거 같던데
10,[제목 : [엑스엘게임즈] 모바일 게임 출시기사 ],https://www.38.co.kr/html/forum/board/?o=v&code=225630&no=16,2015-11-10,"엑스엘게임즈가 자사의 첫 모바일 RPG 타이틀 <브레이브스>를 10일 공개하며 모바일 시장에 본격 진출을 예고했다.<브레이브스>는 2D 횡스크롤 액션 모바일 RPG로 조작이 간단해 누구나 쉽게 접근할 수 있고, 동화적 감성이 느껴지는 유려한 2D 그래픽이 특징이다. 플레이어는 전사, 도적, 마법사 중 원하는 직업을 선택해 시나리오 캠페인에 따라 레이드와 던전 등에 참여해 레벨업을 할 수 있다. 이와 함께 약 200종의 정령을 모아 나만의 스킬을 세팅하고 이후엔 랭킹 시스템을 기반으로 한 PvP 등의 다양한 전투 콘텐츠를 즐길 수 있도록 개발했다. 개발은 엔씨소프트를 거쳐 본인이 설립한 델리마운트에서 <뿌잉팡 for Kakao> 등을 개발한 바 있는 김대아 PD가 지휘봉을 잡았다. 엑스엘게임즈는 <브레이브스>의 정식 출시 일자는 연내 발표할 계획이다. 또 <브레이브스> 외에도 게임빌과 협력해 개발 중인 <아키에이지 모바일>을 비롯해 향후 다양한 모바일 게임을 선보일 예정이다.<조진호 기자>"
11,[코멘트 : [엑스엘게임즈] 물량이 귀해요. 일반 사람이 사기가 쉽지않아요. 지인 ],https://www.38.co.kr/html/forum/board/?o=v&code=225630&no=18,2015-11-12,물량이 귀해요. 일반 사람이 사기가 쉽지않아요. 지인통해서 거의 거래가 이루어지고있어요. 좀더 있어야 물량 풀릴듯요~
12,[제목 : [엑스엘게임즈] 주식이 늘었군. ],https://www.38.co.kr/html/forum/board/?o=v&code=225630&no=19,2015-11-13,매도가 늘었네. 주식이 유통되나봐..
13,[제목 : [엑스엘게임즈] 돌다리도 두드려라. ],https://www.38.co.kr/html/forum/board/?o=v&code=225630&no=20,2015-11-17,과연 말대로 상장 될수 있을까. 아는 회사 관계자에게 살짝 물어보니 순이익은 늘었으나  빚이 많아 자본잠식이라던데.돌다리도 두드려서 신중히 건너야 할 시기인듯.
14,[제목 : [엑스엘게임즈] 돌다리도 두드려라. ],https://www.38.co.kr/html/forum/board/?o=v&code=225630&no=21,2015-11-18,검증된 종목들이 널려있는데 왜 비상장주에 관심들이 많나요?돌다리를 두드리다보니 깨질정도가 된 검증된 종목 많잖나요...
15,[제목 : [엑스엘게임즈] 과연 넥슨이나 엔씨 넷마블을 뛰어 넘을 것이냐? ],https://www.38.co.kr/html/forum/board/?o=v&code=225630&no=22,2015-11-22,리니지의 아버지로 국내 뿐아니라 해외에서 인지도가 높은 송재경사장이 해낼것인지 기대된다.....
16,[제목 : [엑스엘게임즈] 상장 관련 기사 ],https://www.38.co.kr/html/forum/board/?o=v&code=225630&no=23,2015-12-08," 뉴스 [게임] 2016년 상장 예정인 게임사 미리보기(1) 엑스엘게임즈분석리서치 | 유진 정호윤 | 2015-12-08 11:21:351세대 개발자 송재경 대표에 의해 설립된 온라인게임사  엑스엘게임즈는 2003년 4월 한국 온라인게임의 아버지라 불리던 송재경 대표에 의해 설립된 온라인게임 개발사이다.설립 후 2006년 처녀작으로 국산 레이싱게임인 ‘XL1’을 출시했으나 흥행에 실패하였으며, 2013년 6년의 개발기간 및 약 500억원이 넘는 개발비를 투입한 MMORPG ‘아키에이지’를 출시하며 본격적인 성장기에 돌입하게 된다.아키에이지는 비록 국내에서는 기대 이하의 흥행 성적을 기록하였지만 북미, 일본, 러시아 등 세계 각국에서 호평을 받으며 2014년 총 474억원의 매출을 기록하였으며, 2015년 9월 텐센트를 통해 중국에 출시됨으로써 또 한번 성장의 시기를 맞을 것으로 전망되고 있다.문명온라인, 새로운 도약의 시작 - 아키에이지에 이어 엑스엘게임즈는 2011년 전 세계에서 수 많은 폐인을 양산해낸 ‘문명’의 개발사 2K게임즈와 ‘문명온라인’에 대한 개발 계약을 체결하였으며 2015년 12월 국내에서 OBT를 시작하였다.문명온라인은 타 MMORPG와 차별화되는 독특한 스타일의 게임으로 플레이어들은 로마/이집트/아즈텍/중국의 한 문명을 선택하여 이를 일주일 동안 발전시켜서 타 문명과의 경쟁에서 승리하여야 한다.문명온라인은 국내 출시 이후 중국, 대만, 일본, 북미 등 글로벌 주요국가에 순차적으로 출시될 예정으로 전 세계에서 유명한 IP인 문명을 기반으로 제작하였기 때문에 흥행에 대한 기대감을 충분히 가져볼 수 있다.모바일게임 진출은 중장기적인 성장 동력원 - 여타 온라인게임사들과 마찬가지로 엑스엘게임즈 또한 모바일게임으로의 진출을 준비하고 있다.1H16 카카오 플랫폼을 통해 모바일게임 처녀작인 ‘브레이브스’를 출시할 예정이며, 2H16에는 아키에이지 IP를 활용한 아키에이지 모바일(가제)을 게임빌을 통해 출시할 예정이다.현재 모바일게임 개발인력은 약 50명으로 향후 모바일게임 인력은 점진적으로 확충해나갈 예정이다.2016년 자본잠식해소 후 상장 예정 - 엑스엘게임즈는 2014년 감사보고서 기준 460억원의 자본잠식 상태였으며 현재 자본잠식은 2015년 삼성증권의 보통주 투자(약 190억원)를 통해 270억원 규모로 축소된 것으로 추정된다.남은 자본잠식은 2015년 순이익(약 80억원 규모로 추정), 네오위즈게임즈로부터의 차입금 100 억원의 자본전환 및 추가적인 유상증자 등을 통해 해소할 예정으로 이후 상장 절차를 진행해 나갈 예정이다.상장 주관사는 한국투자증권과 삼성증권이 선정되었다.엑스엘게임즈의 2015년 예상 매출액과 영업이익은 각각 500억원, 150억원으로 전망되며 2016년은 문명온라인의 매출과 아키에이지 중국매출이 반영되기 시작하며 매출액, 영업이익, 순이익은 각각 700억원, 250억원, 180억원을 기록할 것으로 전망한다.현재 글로벌 온라인 게임사들의 2016년 기준 평균 PER은 약 17배로 이를 감안한 적정시총은 약 3,000억원으로 판단되며 현재 장외 거래가격 기준 시가총액은 약 1,800억원이다"
17,[제목 : [엑스엘게임즈] 매도 원하는데 어디다 팔아야되나요..? ],https://www.38.co.kr/html/forum/board/?o=v&code=225630&no=24,2016-01-15,
18,[제목 : [엑스엘게임즈] 엑스엘개임즈 파산했다면서요? ],https://www.38.co.kr/html/forum/board/?o=v&code=225630&no=25,2016-03-14,개발한것 마다 망했는데..
19,"[코멘트 : [엑스엘게임즈] 기사 링크가 깨지네요..송재경의 엑스엘, ‘문명 ]",https://www.38.co.kr/html/forum/board/?o=v&code=225630&no=27,2016-03-22,"송재경의 엑스엘, ‘문명’ 이어 또 PC온라인게임에 ‘도전’ 임영택 기자입력 : 2016.03.17 16:38:58송재경 대표가 이끄는 엑스엘게임즈가 4번째 PC온라인게임 개발에 착수했다. 프로젝트명 ‘X4‘로 최근 아키에이지 기획팀장 출신의 함용진 PD가 프로젝트를 맡아 개발인력 충원에 나선 상황이다. 엑스엘게임즈측은 “신작 PC온라인게임 개발을 위해 개발인력을 모집하고 있다”라며 “장르는 MMORPG 형태”라고 설명했다.현재 시장에서는 PC온라인게임 개발이 점차 줄어드는 상황이다. 엔씨소프트, 넥슨, 스마일게이트, 네오위즈게임즈, 블루홀 정도가 신작 PC온라인게임 개발 및 서비스에 나서고 있다. ‘아키에이지’, ‘문명온라인’ 등을 개발한 엑스엘게임즈 역시 현재 모바일게임 개발에 힘을 쏟으며 ‘브레이브스’, ‘아키에이지 모바일’, ‘달빛조각사’, ‘Q4’ 등 4종의 신작을 제작 중에 있다. 엑스엘게임즈측은 “최근 시장에서 PC온라인게임 개발이 줄어들고 있지만 엑스엘게임즈는 포기하지 않고 지속적으로 PC온라인게임 개발에 나설 방침”이라고 덧붙였다. [매일경제]"
20,[제목 : [엑스엘게임즈] 엑스엘게임즈의 온라인게임 '아키에이지'의 상승세가 심상찮다. ],https://www.38.co.kr/html/forum/board/?o=v&code=225630&no=29,2016-07-18,엑스엘게임즈의 온라인게임 '아키에이지'의 상승세가 심상찮다. 
21,"[제목 : [엑스엘게임즈] 아키에이지, 제 2의 전성기 맞았다..부활의 문 '활짝' ]",https://www.38.co.kr/html/forum/board/?o=v&code=225630&no=30,2016-07-21,엑스엘게임즈의 '아키에이지'가 '오키드나의 증오' 업데이트 효과를 톡톡히 보고 있다. PC방 점유율이 비약적으로 상승한 것. 특히 신규·복귀 이용자가 몰리면서 서버 혼잡 상태를 기록하는 등 그야말로 제 2의 전성기를 맞았다. '아키에이지'는 20일 게임트릭스 기준 PC방 점유율 17위에 랭크돼 있다. 
22,"[코멘트 : [엑스엘게임즈] 이거 얼마나 오래걸릴가요??
올해 청구할줄알았는데 ]",https://www.38.co.kr/html/forum/board/?o=v&code=225630&no=31,2016-07-24,이거 얼마나 오래걸릴가요??올해 청구할줄알았는데 가능성이 낮은건가요???
23,[제목 : [엑스엘게임즈] XL 게임즈...17년 대박의 기운이 시작된 듯... ],https://www.38.co.kr/html/forum/board/?o=v&code=225630&no=32,2016-07-26,"1. 온라인게임인 '아키에이지'  ㅇ 국내 15위권 유지 예상       -> 17년 연간 매출 400억 추정...          개발사,유통사가 동사인 점에서 이익 최고 예상     -> 대만, 미얀마, 홍콩 등 2017년 상용화 예정     -> 최근 최고의 인기를 끌고 있는 업데이트버젼의 해외 적용시 폭등 예상     2. 글로벌 대작 '아키에이지 비긴스 모바일' 2017년 북미부터 상용화 예정  -> 게임빌에서  최고의 노력 기울 듯3. 글로벌 대작인 '문명' 실패 사유 분석 후 17년 재오픈시 성공 가능성 높음4. '달빛조각사'등 다수의 모바일게임이 17년부터 순차적으로 계속 상용화 예정5. 17년 또는 18년경 제3의 온라인게임 상용화 예상...................이처런 다양한 파이프라인을 보유한 비상장게임회사가 있을까요 ?거기다가...넥슨과의 차별성 ?"
24,[제목 : [엑스엘게임즈] 정보공유 ],https://www.38.co.kr/html/forum/board/?o=v&code=225630&no=34,2016-09-26,송재경 대표 이름값보고 들어 갔는데 참 오래걸리네요. 기업 공개 대비해 작년에 전문가를 영입했다고도 했는데 실적이나 공개추진현황에 대해 아시는 분 정보공유 바랍니다..
25,[코멘트 : [엑스엘게임즈] 뉴서버는 넥슨에 만들던데 ],https://www.38.co.kr/html/forum/board/?o=v&code=225630&no=35,2017-01-12,뉴서버는 넥슨에 만들던데
26,"[코멘트 : [엑스엘게임즈]
 뉴섭은 넥슨에 만들던데요 ]",https://www.38.co.kr/html/forum/board/?o=v&code=225630&no=36,2017-01-12,뉴섭은 넥슨에 만들던데요
27,[코멘트 : [엑스엘게임즈] 그건 그냥 전설탬뿌린다고 해서 그런거 반대로 기존유 ],https://www.38.co.kr/html/forum/board/?o=v&code=225630&no=37,2017-01-12,그건 그냥 전설탬뿌린다고 해서 그런거 반대로 기존유저는 빡침
28,[제목 : [엑스엘게임즈] 주주총회 ],https://www.38.co.kr/html/forum/board/?o=v&code=225630&no=38,2017-03-25,주주총회 내용좀 올려주세요
29,"[코멘트 : [엑스엘게임즈] 1.국내 50원권이면 다행이죠
북미 서버도 아슬아슬하 ]",https://www.38.co.kr/html/forum/board/?o=v&code=225630&no=39,2017-07-22,1.국내 50원권이면 다행이죠북미 서버도 아슬아슬하고 한국서버도 아슬아슬한데...2.이번에는 게임빌에 의뢰를 했는데 클로즈베타 평이 안좋아요. 실패했어요.3.망했던 서비스가 재오픈해서 흥한 사례는 없습니다.4.모바일 게임 내에서 일부 아타리 쇼크 조짐이 보입니다.5.연매출 400 500찍으면 뭐합니까? 획기적 기획안도 안나오고 만들 돈도 없습니다.넥슨이 돈잘번다고 해서 따라갔더니 걔들은 돈으로 돈굴려먹는데 저희는 돈이 없으니 굴려먹을 것도 없어요.
30,[제목 : [엑스엘게임즈] 반기실적 괜찮은데 ],https://www.38.co.kr/html/forum/board/?o=v&code=225630&no=40,2017-08-20,작년실적은 망했지만 올해 상반기 실적 괜찮은데 왜 아무 얘기도 없지
31,[코멘트 : [엑스엘게임즈] 반기보고서는 어디서 보나요? ],https://www.38.co.kr/html/forum/board/?o=v&code=225630&no=41,2017-08-21,반기보고서는 어디서 보나요?
32,[코멘트 : [엑스엘게임즈] 음 공개는 안했나 요청한 주주들한테는 뿌린듯 ],https://www.38.co.kr/html/forum/board/?o=v&code=225630&no=42,2017-08-21,음 공개는 안했나 요청한 주주들한테는 뿌린듯
33,[제목 : [엑스엘게임즈] 아키에이지 비긴즈 중박이상 예상 ],https://www.38.co.kr/html/forum/board/?o=v&code=225630&no=45,2017-10-30,주주님들 아키에이지 비긴즈 한번 해보세요재미있네요. 광고안하는거 감안하면 중박이상은 칠듯하네요주주로써 한번 해보시길 권합니다.성투하세요
34,[제목 : [엑스엘게임즈] 자본잠식에 갈수록 게임산업 경쟁치열..... ],https://www.38.co.kr/html/forum/board/?o=v&code=225630&no=47,2017-11-27,엑스엘게임즈가 제기의 발판을 이뤄낼 역량이 갈수록 초라해 지고있다.여기에 자본잠식까지 더해져 앞으로 게임개발을 위한 환경이 점차 악화되고 있다.뭔가 한방이 있어야 하는데 지금으로선 좀처럼 기대하기가 어렵다.아무리 주식은 미래가치를 보고 투자한다지만 자본잠식 기업은 매수에 신중에 신중을 기해야 한다.일단 이런 주식을 매수하겠다는 사람이 없기 때문에 잘못들어가면 반토막에 기회비용까지 날리고 마음고생하기에 딱좋은 종목이기 때문이다.비상장주식일수록  안전한 투자를 하셔야 합니다.
35,[제목 : [엑스엘게임즈] 몬 개소리냐? ],https://www.38.co.kr/html/forum/board/?o=v&code=225630&no=48,2017-12-07,자본잠식된게  몇년인데자본잠식된 회사인지 알면서도 기관들이 투자하는게 중요하지그리고부채에 전환사채가 많기 때문에 언제든 자본잠식 탈피 가능하다어설픈 지식가지고 까불지마라
36,[제목 : [엑스엘게임즈] 이 회사는 딱 두개 남은거같네요 ],https://www.38.co.kr/html/forum/board/?o=v&code=225630&no=49,2017-12-10,달빛조각사 모바일 게임그리고 신규 피씨 mmorpg둘다 언제나올지 아무도 모르고 대중에게 구체적으로 어떤 게임인지 밝혀진것도 없습니다피씨겜은 최소 2019년은 돼야 나오지 않을까 싶고요그리고 아키에이지 비긴즈에 대해 말이 나오던데제가 생각하기에 아키에이지 비긴즈 같은 똥겜은 아무런 의미가 없다고 봅니다저 두개로 성과가 없다면 회사 문닫아도 이상할게 없을거 같습니다
37,"[제목 : [엑스엘게임즈]
 2017년 실적 공시 ]",https://www.38.co.kr/html/forum/board/?o=v&code=225630&no=50,2018-03-27,금일 2017년 공시나왔는데 예상보다 선방했네요다행입니다. 올해 달빛조각사 잘 준비해서 주주들에게 기쁨좀 주세요.
38,[코멘트 : [엑스엘게임즈] XL하는꼬라지보면 답없어 보이는데요 ],https://www.38.co.kr/html/forum/board/?o=v&code=225630&no=52,2018-06-03,XL하는꼬라지보면 답없어 보이는데요
39,[제목 : [엑스엘게임즈] 탈출은 지능순 ],https://www.38.co.kr/html/forum/board/?o=v&code=225630&no=53,2018-06-11,아키에이지 관련된 게임 커뮤니티들 돌아다니시면서 확인해보시면 답은 나옵니다 13500원이나 한다는게 신기할 뿐이에요
40,[제목 : [엑스엘게임즈] 계좌대체 증가 ],https://www.38.co.kr/html/forum/board/?o=v&code=225630&no=54,2018-06-12,"유통정보 보니 계좌대체 거래량이 증가하는데, 무슨 소식 있나요?"
41,"[제목 : [엑스엘게임즈]
 아키에이즈비긴스 개꿀잼 ]",https://www.38.co.kr/html/forum/board/?o=v&code=225630&no=55,2018-06-17,Wow Wonderful I wanna buy very expensive items for very exciting. Hot hot hotㅋㅋㅋㅋ
42,[코멘트 : [엑스엘게임즈] OH NO NOW THE Time to turn around! ],https://www.38.co.kr/html/forum/board/?o=v&code=225630&no=56,2018-06-17,OH NO NOW THE Time to turn around!
43,[제목 : [엑스엘게임즈] 상장은 언제할까요? ],https://www.38.co.kr/html/forum/board/?o=v&code=225630&no=57,2018-07-20,올해? 내년?요즘 거래량이 늘길래 무슨 호재라도 있나 궁금하네요
44,[제목 : [엑스엘게임즈] 이번에 카카오 등 투자는 호재네요 ],https://www.38.co.kr/html/forum/board/?o=v&code=225630&no=59,2018-08-17,오랜만에 기사로나마 엑스엘게임즈 소식을 들으니 반갑네요.몇번의 게임실패후 다소 침체되어 있었는데 다시 한번 반등을 기대해봅니다.저의 소견으로는 카카오의 투자 등으로 200억정도가 유입되어 자본잠식 부분은 상당부분 해소가 된것으로 판단되며카카오 100억으로 4.6프로 인수는 주당 약 3만원으로 생각되는바무엇보다 고무적인 부분은 카카오가 하반기 상장이 예정되어 있어 라인업상 모바일 mmorpg에 대한 투자가 공격적으로 이루어질것으로 예상되어마케팅도 공격적으로 펼칠거라 예상되네요무엇보다 달빛조각사가 이번에 잘 되어 엑스엘도 상장이 되었으면 좋갰네요주주님들 너무 희밍을 가질필요는 없지만 멀리서게임성공을 위해서 많이 응원해주시죠
45,[제목 : [엑스엘게임즈] 상반기 영업이익이 50억 넘었다는것 같습니다 ],https://www.38.co.kr/html/forum/board/?o=v&code=225630&no=62,2018-08-20,들리던 소문대로 회사가 좋아지고 있나봅니다엑스엘게임즈를 가장 압박하던 아키에이지 개발에 따른 수익배분도 작년까지 마무리됐고 올해부터는 본격적으로 실적이 만들어지는 것 같습니다내년이 더욱 기다려 지네요
46,[제목 : [엑스엘게임즈] 다양한 포트폴리오 ],https://www.38.co.kr/html/forum/board/?o=v&code=225630&no=67,2018-10-07,엑스엘게임즈 채용공고를 보니 이후 포트폴리오가 착실히 준비되고 있네요[Q5]달빛조각사[P4]신규 PC/Console 액션 RPG[Cube]신규 모바일게임
47,[제목 : [엑스엘게임즈] 올해는 어떨까요? ],https://www.38.co.kr/html/forum/board/?o=v&code=225630&no=69,2019-01-07,달빛~~~성공하기를 고대합니다...
48,[제목 : [엑스엘게임즈] 2018년 감사보고서가 나왔네요 ],https://www.38.co.kr/html/forum/board/?o=v&code=225630&no=70,2019-04-02,생각보다 실적이 나쁘지 않네요전환사채 행사하면 부채도 많이 떨어지게되어금년 달빛조각사만 잘해주면 좋은 소식 기다려 봄직합니다.응원합니다.
49,[제목 : [엑스엘게임즈] 얼마남지 않은듯___ ],https://www.38.co.kr/html/forum/board/?o=v&code=225630&no=71,2019-04-16,"기대가 큽니다.,. 기다린 하세월에.,."
50,[제목 : [엑스엘게임즈] 언제나갈까나? ],https://www.38.co.kr/html/forum/board/?o=v&code=225630&no=72,2019-05-30,
51,[코멘트 : [엑스엘게임즈] 또한 인터넷에 맛집이라고 소개되어 있는 곳들도 참 ],https://www.38.co.kr/html/forum/board/?o=v&code=225630&no=73,2019-08-13,"또한 인터넷에 맛집이라고 소개되어 있는 곳들도 참 많이 가봤습니다.정말 맛있는 집도 있고, 솔직히 유명세를 타서 그렇지 맛은 없는 곳들도 많았네요.제가 소개해 드릴 곳은 ""손맛촌"" 이라는 제주 갈치조림 전문점 입니다.처음에는 이 음식점이 제주시내에 있다가 확장해서 교래리로 이전을 했네요. 제주시내에 있을 때에 참 자주 갔습니다.손맛촌은 첫번째로 음식이 깔끔합니다. 일단 반찬 나오는 것 부터가 다르답니다.여러 음식점을 돌아다니면서 제가 주메뉴가 맛있는 곳은 많이 봤는데 ...대부분 반찬들은 별로 손이 가지 않는데, 이곳 반찬은 참 맛있습니다.반찬만 몇번 리필해 먹을 때도 있었네요. 여러해 이 음식점을 가봐서 잘 아는 내용이네요.계절마다 반찬이 조금씩 다르게 나오긴 하던데 ... 전반적으로 제 입맛에는 잘 맞았습니다.가지무침? 이라고 해야하나요?  가지에 칼집을 내서 요리한 것인데, 제가 일반적으로 먹어보지 못한 조리법이더라구요. 저희 아내가 좋아하는 메뉴네요^^손맛촌을 처음 접했을 때 ...   가장 인상에 남았던 반찬 메뉴가 ""간장게장"" 입니다.몸통과 발로만 해서 담궜는데~ 간장이 짜지도 않고 ... 한 입에 쏙 먹을 수 있는 게장이거든요.저도 참 좋아하고 ... 식사할 때 주위의 손님들을 봐도~ 평가가 좋은 반찬이네요.저희가 손맛촌에서 가장 많은 먹은 메뉴는 갈치조림 입니다^^ 요즘은 흑돼지는 어느 음식점, 갈치조림은 어느 음식점, 회는 어디~~ 제주도 3년차가 되니 ... 대충 어디로 갈지 그림이 그려 집니다."
52,[제목 : [엑스엘게임즈] 엑스엘 주가 얼마나 하나요? ],https://www.38.co.kr/html/forum/board/?o=v&code=225630&no=74,2019-08-13,엑스엘 주가 얼마나 하나요?혹시 구매하신 가격이나 변동가격 정보 있으신분들 댓글좀..
53,[코멘트 : [엑스엘게임즈] 12000 정도면 거래 됩니다 ],https://www.38.co.kr/html/forum/board/?o=v&code=225630&no=75,2019-08-14,12000 정도면 거래 됩니다
54,[제목 : [엑스엘게임즈] 2만원 이하 없어요 ],https://www.38.co.kr/html/forum/board/?o=v&code=225630&no=76,2019-08-16,2만원 이하로 사기 어렵습니다.매물 나와 있는것도 없구요
55,[제목 : [엑스엘게임즈] 12000?ㅋㅋ ],https://www.38.co.kr/html/forum/board/?o=v&code=225630&no=77,2019-08-16,"12,000?ㅋㅋ"
56,[제목 : [엑스엘게임즈] 달빌조각사?그것보다.. ],https://www.38.co.kr/html/forum/board/?o=v&code=225630&no=78,2019-08-16,****s://n.news.naver****/article/031/0000502704대박..이거 언제나오나요?!
57,[코멘트 : [엑스엘게임즈] n.news.naver닷컴 ],https://www.38.co.kr/html/forum/board/?o=v&code=225630&no=79,2019-08-16,n.news.naver닷컴/article/031/0000502704
58,[제목 : [엑스엘게임즈] 달빛조각사 예약신청 ],https://www.38.co.kr/html/forum/board/?o=v&code=225630&no=80,2019-08-27,드디어 내일부터 오랬동안 기다려왔던달빛조각사 예약접수가 시작합니다.작품에대한 내부 평가는 상당히 좋다고하며많은 기대를 한다고하네요주주님들 많은 신청 부탁드리며오랜 기다림에 좋은 결과로 보답했으면 합니다.엑스엘게임즈 화이팅.오랜주주가...
59,[제목 : [엑스엘게임즈] 뭐 별거아니네 ],https://www.38.co.kr/html/forum/board/?o=v&code=225630&no=81,2019-09-02,"테라는 1주일만에 100만, 달빛은 하루만에 1백만 사전예약해서 초대박 날거같더니. 1주일 다되가는데 130만이면 그게그거네."
60,"[코멘트 : [엑스엘게임즈] 헉, 테라보다 기대치가 더 높아요??
사전 예약이 테 ]",https://www.38.co.kr/html/forum/board/?o=v&code=225630&no=82,2019-09-02,"헉, 테라보다 기대치가 더 높아요??사전 예약이 테라를 넘었어요?!!"
61,[코멘트 : [엑스엘게임즈] 개진도진이네. 그렇게 홍보해대도 ],https://www.38.co.kr/html/forum/board/?o=v&code=225630&no=83,2019-09-03,개진도진이네. 그렇게 홍보해대도
62,"[코멘트 : [엑스엘게임즈]
 와~ 역시 테라는 홍보 안해도 잘나가나보군요^^ ]",https://www.38.co.kr/html/forum/board/?o=v&code=225630&no=84,2019-09-03,와~ 역시 테라는 홍보 안해도 잘나가나보군요^^
63,[코멘트 : [엑스엘게임즈] 테라 클래식 사전예약 시작 7월 9일 > 런칭 8월 13일. ],https://www.38.co.kr/html/forum/board/?o=v&code=225630&no=86,2019-09-04,테라 클래식 사전예약 시작 7월 9일 > 런칭 8월 13일. 약 5주 정도 진행함
64,[제목 : [엑스엘게임즈] 사전예약 200만 돌파 ],https://www.38.co.kr/html/forum/board/?o=v&code=225630&no=87,2019-09-06,"9/6 금, 9일만에 200만 돌파 기사떴네요.카카오로 예약받고 구글 플레이스토어 예약받고 해서 카카오 집계페이지는 150만으로만 뜨는데 신문기사로는 합계 사전예약 200만 돌파 ㅊㅊ테라 클래식은 9일만에 100만4주만에 200만그리고 약 일주일 후 출시되었으니 사전예약 기간동안 210만 전후 되었을 겁니다 ㅎㅎ단순계산으로 달조는 테라의 두배?ㅋㅋ 대박 가즈아"
65,[코멘트 : [엑스엘게임즈] I ordered the white rice and the rice of rice nuru ],https://www.38.co.kr/html/forum/board/?o=v&code=225630&no=88,2019-09-23,"I ordered the white rice and the rice of rice nurungjiI didn't have any special food because it has many health benefitsJust enjoy the delicaciesIt was a visual similar to Nurungji that I could easily see anywhereThere's no style for you if you're so careful with what you see.It was so good to see it, and mouth water began to spinI think you're doing business with honest"
66,[제목 : [엑스엘게임즈] 달조 10월10일 정식출시. ],https://www.38.co.kr/html/forum/board/?o=v&code=225630&no=89,2019-09-25,가즈아. 
67,[코멘트 : [엑스엘게임즈] Receive the perfect taste of the ideal taste witho ],https://www.38.co.kr/html/forum/board/?o=v&code=225630&no=90,2019-09-30,"Receive the perfect taste of the ideal taste without changeRecommended for those who need stability in mind like us!Regardless of the fact that it is not uneven,"
68,[제목 : [엑스엘게임즈] 엑스엘게임즈 실매수 전멸-공매수 ],https://www.38.co.kr/html/forum/board/?o=v&code=225630&no=91,2019-10-15,
69,[제목 : [엑스엘게임즈] 엔씨소프트 이상 가지 않을까요? ],https://www.38.co.kr/html/forum/board/?o=v&code=225630&no=92,2019-10-15,매도가 실종되었어요...
70,[코멘트 : [엑스엘게임즈] 매수는 많은건가요? ],https://www.38.co.kr/html/forum/board/?o=v&code=225630&no=93,2019-10-15,매수는 많은건가요?
71,[코멘트 : [엑스엘게임즈] 게임반응 괜찮은것 같아요. 점차 안정화되가는듯 ],https://www.38.co.kr/html/forum/board/?o=v&code=225630&no=94,2019-10-19,게임반응 괜찮은것 같아요. 점차 안정화되가는듯
72,[제목 : [엑스엘게임즈] 종말 ],https://www.38.co.kr/html/forum/board/?o=v&code=225630&no=95,2019-10-21,생각보다 평이 대단히 안좋습니다. 카카오의 광고비에 가려있을뿐. 빨리 탈출하는게어털지
73,[제목 : [엑스엘게임즈] 달빛조각사에 대한 기대와 당부 ],https://www.38.co.kr/html/forum/board/?o=v&code=225630&no=97,2019-10-21,"오랫동안 지켜보았던 사람입장에서달빛조각사에 대한 개인적인 소견을 남깁니다.2주 넘게 애플 구글 매출 1~3위를 차지하며장기 흥행의 첫고비를 넘기고제 생각엔 11월 7일 경쟁제품 v4출시까지 관망세가 있는것 같은데 v4는 초반 반짝하다가실패할거 같고 이유는결국 v4하고 리니지2가 쟝르가 비슷해서 v4는 쪽박차고 리니지2는기대작으로서 어느정도 성공을 거두긴 하겠지만리니지1과 카니발리제이션이 있을거라 생각되며달빛조각사는 다행이 쟝르가 겹치지않고 무과금도어느정도 플레이를 할 수 있는 환경이 되며소과금을 유도하는 게임으로 초기 버그에 대한 빠른 대응 및11월 중순이후 v4. 리니지 2 출시이후 유저 컴백을위한 이벤트를 잘해나간다면오히려 3게임중 더 오래갈수 있을거란 예상도 해봅니다.원래 게임시장이란게 무관심이 가장 무섭습니다.욕도 관심이 있어야 하거든요.공카에 가보면 점검시간에는 욕글들이 쭉 올라오다가 점검 끝나면 조용한게다들 게임을 욕하면서 열심히 하는 증거 같아요게임시장을 볼땐첫째, 매출추이둘째, 공카 가입자수가 계속증가하거나 감소세인지셋째, 글 리젠수 등이 중요합니다.욕도 상황에 따라 찬사로 바뀌는 경우를 자주 보았습니다.물론 엑스엘게임즈, 카카오게임즈도 유저의 요구사항에대해서 좀 더 빠른 대응 및 솔직한 커뮤니케이션이 필요합니다."
74,[코멘트 : [엑스엘게임즈] 구라도 정도껏 치소...매수 실종에 게임은 악평일색임 ],https://www.38.co.kr/html/forum/board/?o=v&code=225630&no=98,2019-10-24,구라도 정도껏 치소...매수 실종에 게임은 악평일색임 ㅋㅋ 오픈빨로 잠시 1위는 개나소나 찍는거모르심? 이겜 유통기한 한달도안남은듯
75,[제목 : [엑스엘게임즈] 구라도 정도껏 치소...매수 실종에 게임은 악평일색임 ],https://www.38.co.kr/html/forum/board/?o=v&code=225630&no=99,2019-10-24,구라는 댁이나 치지 마쇼. 2주간 구글 아이폰 매출순위 계속 탑텐 안쪽으로 유지하고 있는데. **** 안보쇼?
76,[제목 : [엑스엘게임즈] 89렙임 ],https://www.38.co.kr/html/forum/board/?o=v&code=225630&no=102,2019-12-04,전설 하나 주면 상장간다
77,[제목 : [엑스엘게임즈] 언제 상장하는거여.. 멍처이주는 ],https://www.38.co.kr/html/forum/board/?o=v&code=225630&no=104,2019-12-14,게임 개발하고 관리 머저리 같이해서 손님떨어지게하고광고는 머저리 같이하고..다른회사 하는것봐라..배워라..
78,[제목 : [엑스엘게임즈] 다 공매수만 판치구있구나/실매수전멸 ],https://www.38.co.kr/html/forum/board/?o=v&code=225630&no=105,2019-12-17,언제나 좋아질려나~~  
79,[코멘트 : [엑스엘게임즈] ㅋㅋ 이겜이미망함 ],https://www.38.co.kr/html/forum/board/?o=v&code=225630&no=106,2019-12-19,ㅋㅋ 이겜이미망함
80,[코멘트 : [엑스엘게임즈] 송재경이가 작전한번 제대로 해볼려다 망한거지머~~ ],https://www.38.co.kr/html/forum/board/?o=v&code=225630&no=107,2019-12-30,송재경이가 작전한번 제대로 해볼려다 망한거지머~~
81,"[제목 : [엑스엘게임즈] 엑스엘게임즈, 카카오게임즈가 인수함 ]",https://www.38.co.kr/html/forum/board/?o=v&code=225630&no=108,2020-02-04,대박
82,[코멘트 : [엑스엘게임즈] 기관에 계신 지인분 통해 전해 들은 사실이며 진행중 ],https://www.38.co.kr/html/forum/board/?o=v&code=225630&no=111,2020-02-05,"기관에 계신 지인분 통해 전해 들은 사실이며 진행중입니다.카카오게임즈에서 이미 외국인 구주 31000원에 떴고, 지금 28800원에 신주 300억 찍을 계획이랍니다. 그리고 기존 기관들꺼 구주도 사는 중이라고 합니다. 결국 51% 넘겨서 카카오게임즈랑 인수합병 후 상장 가려는 계획입니다. 카카오게임즈 입장에서는 주 매출원인 검은사막 퍼블리싱 계약이 종료되면 매출의 상당 부분이 빠지는거라 엑스엘게임즈 인수를 통해 뚫어나가려는 모양입니다. 참고하세요"
83,[제목 : [엑스엘게임즈] 만약에 ],https://www.38.co.kr/html/forum/board/?o=v&code=225630&no=112,2020-02-06,주식을 잘몰라서 그러는데요 합병이되면 어떻게 되는거에요??
84,[제목 : [엑스엘게임즈] 카카오게임즈 주주가 되는거죠... ],https://www.38.co.kr/html/forum/board/?o=v&code=225630&no=114,2020-02-06,그리고 나서 카카오게임즈 상장되면 기존 엑스엘게임즈 주주들도 같이 상장되는겁니다.
85,"[제목 : [엑스엘게임즈] 엑스엘게임즈, 카카오게임즈가 인수함 ]",https://www.38.co.kr/html/forum/board/?o=v&code=225630&no=115,2020-02-07,이거 레알 인가요? 그럼 1주에 28800원이 되는건가요?
86,[제목 : [엑스엘게임즈] 기관에 계신 지인분 통해 전해 들은 사실이며 진행중 ],https://www.38.co.kr/html/forum/board/?o=v&code=225630&no=116,2020-02-08,좋은 정보 감사합니다.지금 XL 인수가 완료되고 합병이 완료된건 가요?송재경이 게임 만드는데 몰두하면 달빛조각사를 현재 리니지 이상으로 만들어 나갈수있을거라는 믿음이 있습니다. 달빛조각사의 스토리는 방대하고 지금 게임으로 나온 것은 일부분이기 때문이죠.카카오에서 경영을 하여 적극적인 지원이 된다면 얼마든지 가능하리라 생각됩니다.훌륭한 게임회사로 거듭 태어나길 바랍니다
87,[제목 : [엑스엘게임즈] 기관에 계신 지인분 통해 전해 들은 사실이며 진행중 ],https://www.38.co.kr/html/forum/board/?o=v&code=225630&no=117,2020-02-10,"현재 상황은 해외기관 구주 매입 완료하였고(100억 정도), 신주 300억에 대해서는 논의 끝난 상태입니다.국내기관 주식 매입에 대해서 논의중인 상태로 알고 있는데(제가 이쪽 통해서 얘기 듣고 있습니다.), 이미 카카오게임즈의 기존지분+해외기관+신주로 51%+ 확보 가능한 상태라서 국내 기관들도 웬만하면 팔아야되는 분위기로 파악되고 있습니다.엑스엘과 카카오가 합치게 되면 말씀처럼 정말 대단한 게임회사가 탄생할 수 있을것 같습니다. (시장에서 평가도 그만큼 잘 받을것 같고요..)잘됐으면 좋겠네요"
88,[제목 : [엑스엘게임즈] 기관에 계신 지인분 통해 전해 들은 사실이며 진행중 ],https://www.38.co.kr/html/forum/board/?o=v&code=225630&no=118,2020-02-10,그러면 카카오 인수시에 주식 비율 은 어떻게 되나요? 카카오:엑스엘엑스엘을 인수 한후 올 해 상장하는건가요?
89,[제목 : [엑스엘게임즈] 카카오게임즈 이사회 ],https://www.38.co.kr/html/forum/board/?o=v&code=225630&no=119,2020-02-11,오늘입니다. 내일부터 기업결합신고 들어가고 한달 후인 3월 11일 투자금 납입 예정입니다.
90,[제목 : [엑스엘게임즈] 카카오게임즈에서 인수 확정됐네요. (주당 28800원) ],https://www.38.co.kr/html/forum/board/?o=v&code=225630&no=120,2020-02-11,"금일 카카오게임즈 공시를 보니 구주, 신주해서 52% 확보하여 인수 확정됐네요신주의 취득: 1,041,666주(29,999,980,800원) : 주당 28,800구주의 취득: 3,196,815주(88,092,203,200원) : 주당 27,556경영진은 일부를 카카오 주식으로 swap해서 받았고이 가격 이하에 거래하는 사람은.... ^^;이를 통해서 엑스엘게임즈는 자본잠식에서 완전 벗어나서 자체 상장하거나카카오게임즈랑 합병할 가능성이 있을것 같습니다. "
91,[제목 : [엑스엘게임즈] 카카오게임즈에서 인수 확정됐네요. (주당 28800원) ],https://www.38.co.kr/html/forum/board/?o=v&code=225630&no=121,2020-02-11,좋은 일 맞지요?카카오게임즈에서 인수하고 xl은 별도로 상장 진행시키겠죠?이제 대대적인 달빛조각사 버그 수정해서 홍보하겠네요.
92,[제목 : [엑스엘게임즈] 카카오게임즈에서 인수 확정됐네요. (주당 28800원) ],https://www.38.co.kr/html/forum/board/?o=v&code=225630&no=122,2020-02-11,저는 정보 살짝 미리 알고 저가 매수성공 했습니다^^
93,[제목 : [엑스엘게임즈] 카카오 인수후 XL 상장 ],https://www.38.co.kr/html/forum/board/?o=v&code=225630&no=123,2020-02-12,"현재 매물 검색시 18000~20000 정도에 올라와 있는데,28800 원이 되어야 하는 거 아닌가요?아니면 가짜 매물인가요?카카오 인수후 현재 가지고 있는 XL 주식은 어찌 되나요?따로 상장 되는 건가요? 아니면. 카카오에서 합병되어 카카오게임즈 주식으로 바뀌는 건가요?여러 말이 있어 문의 드립니다."
94,[제목 : [엑스엘게임즈] 카카오 인수후 XL 상장 ],https://www.38.co.kr/html/forum/board/?o=v&code=225630&no=124,2020-02-12,물린겁니다.
95,[제목 : [엑스엘게임즈] 별도 상장 계획 및 차기 프로젝트 ],https://www.38.co.kr/html/forum/board/?o=v&code=225630&no=125,2020-02-13,카카오게임즈 신주투자 조건 중에 IPO 관련 아래 조항 있음- IPO: 직전년도의 영업이익이 150억을 초과하는 경우 카카오게임즈 동의- Put Option: 상기 IPO 조건달성에도 불구 카카오게임즈의 상장반대시 이해관계인은 카카오게임즈에 대하여 보유 지분에 대한 Put Option 보유-> 영업이익 150억 초과할 경우 엑스엘게임즈 별도 상장할 계획임엑스엘게임즈에서 개발 중인 차기 프로젝트- '달빛조각사' 글로벌 확장 - 2020년 중순- '달빛조각사' IP를 활용한 수집형 모바일 게임 - 2020년말 런칭- PC온라인 기반 대전액션게임 - 2022년초 런칭- 송재경 대표가 직접 주도하고 있는 PC MMORPG - 2023년초 런칭
96,[제목 : [엑스엘게임즈] 별도 상장 계획 및 차기 프로젝트 ],https://www.38.co.kr/html/forum/board/?o=v&code=225630&no=126,2020-02-13,2017년 영업이익 52억2018년 영업이익 69.3억2019년 영업이익 ? 억아마도 달빛조각사로.. 영업이익이 100억은 돌파될 것으로 예상할 수 있겠습니다.3월 보고서가 나오면 더 정확한 것을 알 수 있겠네요.어쩌면 올해.. 늦어도 2년 안에 상장이 가능할 듯 보이네요. ^^
97,[제목 : [엑스엘게임즈] 별도 상장 계획 및 차기 프로젝트 ],https://www.38.co.kr/html/forum/board/?o=v&code=225630&no=127,2020-02-13,3/11에 카카오게임즈에 합병인수되서 기존주식이 카카오게임즈로 되는거 아니였나요??어떻게 돌아가고있는건가요??
98,[제목 : [엑스엘게임즈] 카카오 인수후 XL 상장 ],https://www.38.co.kr/html/forum/board/?o=v&code=225630&no=128,2020-02-14,물렸다는게 무슨말인지..요??
99,[제목 : [엑스엘게임즈] 별도 상장 계획 및 차기 프로젝트 ],https://www.38.co.kr/html/forum/board/?o=v&code=225630&no=129,2020-02-14,"카카오게임즈 주식과엑스엘게임즈 주식은 각각(따로따로) 입니다.카카오게임즈가 상장된다고 엑스엘게임즈가 상장되고 그러지 않습니다.카카오게임즈가 엑스엘게임즈의 주식 53%를 그냥 가지고 있다고 보시면 됩니다.(실제 주식 합병이 아닙니다. 그냥 대주주가 카카오게임즈)엑스엘게임즈가 상장되면 카카오게임즈도 좋겠지요.카카오게임즈가 현재 1주당 28,800원으로 주식을 매입하였으니, 그것보다는 높게 팔리는 것이 이득이 될 겁니다.아마 상장시 4만원 이상으로 받게 상장 되도록 카카오게임즈는 노력할 겁니다."
100,[제목 : [엑스엘게임즈] 별도 상장 계획 및 차기 프로젝트 ],https://www.38.co.kr/html/forum/board/?o=v&code=225630&no=130,2020-02-14,이번에 신주가 발행되면서 기존주주들의 주식 보유분의 가치가 희석될 것 같은데요. 신주발행 비율에 따라 기존 주주들의 주식 수가 늘어난다든지...먼가 보상 같은 건 없을까요?인수 관련 주총 안내 등도 받은 것이 없고 관련하여 공유되는 정보도 없으니 답답하네요.
101,[제목 : [엑스엘게임즈] 별도 상장 계획 및 차기 프로젝트 ],https://www.38.co.kr/html/forum/board/?o=v&code=225630&no=131,2020-02-14,3자배정 유상증자 인데 왜 기존주주의 주가가 희색 되나요?공부하고 오세용! 3자배정 유상증자는 악재가 아니고 호재입니다.
102,[코멘트 : [엑스엘게임즈] 단가 후려치기 ],https://www.38.co.kr/html/forum/board/?o=v&code=225630&no=132,2020-02-16,단가 후려치기
103,[코멘트 : [엑스엘게임즈] 재경이 대박 천억대 자산가 등극 ],https://www.38.co.kr/html/forum/board/?o=v&code=225630&no=133,2020-02-16,재경이 대박 천억대 자산가 등극
104,[제목 : [엑스엘게임즈] 왜 떨어지는거죠? ],https://www.38.co.kr/html/forum/board/?o=v&code=225630&no=134,2020-02-18,오늘 전일비 또 500원 떨어지던데왜 자꾸 떨어지는거죠?
105,[제목 : [엑스엘게임즈] 왜 떨어지는거죠? ],https://www.38.co.kr/html/forum/board/?o=v&code=225630&no=135,2020-02-19,"지금 싸게 살려고 떨구는 중입니다.28,800원 밑으로 팔지 마세요."
106,[코멘트 : [엑스엘게임즈] 밑에글 보니 영업이익이 150억 이상 나야 상장계획이 ],https://www.38.co.kr/html/forum/board/?o=v&code=225630&no=136,2020-02-19,밑에글 보니 영업이익이 150억 이상 나야 상장계획이 있는거 같은데그럼 앞으로 몇년을 기다려야 상장할까요?그래서 그런거 같습니다.
107,[제목 : [엑스엘게임즈] 카카오인수 후 달빛조각사 순위 ],https://www.38.co.kr/html/forum/board/?o=v&code=225630&no=137,2020-02-26,구글스토어 최고매출 순위:2월 11일 최하 55위 찍은 후 쭉 올라가서2월 25일 전체 18위까지 올라왔네요ㅎㅎ참고로 검은사막모바일이 10-15위인데 월매출 130~140억 수준역시 카카오가 인수하고 쭉 밀어주니 순위도 다시 쭉 올라오네요ㅎㅎ올해 실적 내서 내년 상장 고고
108,[제목 : [엑스엘게임즈] 혹시 좋은소식은 없나요? ],https://www.38.co.kr/html/forum/board/?o=v&code=225630&no=138,2020-04-02,밑에 상장님 글말로는2022년 대전액션게임2023년 PC기반 rpg게임 예정이라는데그전까지는 뭐 좋은 소식이 없을까요??
109,[제목 : [엑스엘게임즈] 카카오게임즈는 달리는데... ],https://www.38.co.kr/html/forum/board/?o=v&code=225630&no=140,2020-05-27,"뭐하니..,"
110,[제목 : [엑스엘게임즈] 주주분들 좀 뭉쳐야하지 않을까요 ],https://www.38.co.kr/html/forum/board/?o=v&code=225630&no=141,2020-05-28,카카오게임즈가 상장 목적으로 53% 인수했는데 나머지 지분에 대해 책임져 줄 사람은 아무도 없습니다.뭉칩시다!카x톡x오x픈x방 엑스엘게임즈
111,"[제목 : [엑스엘게임즈] 대주주는 돈벌고, 소액주주는? ]",https://www.38.co.kr/html/forum/board/?o=v&code=225630&no=143,2020-06-25,자본잠식 면하는것만도 감사해야겠죠? 씁쓸..
112,[제목 : [엑스엘게임즈] 달빛조각사도 카카오게임으로 ],https://www.38.co.kr/html/forum/board/?o=v&code=225630&no=144,2020-06-28,우리는 뭐야.. 이런자들은 몽둥이가 약이다.카카오토게임.엑스엘게임즈.대표들의이자슥들 우리는 뭐야...니들만 좋잖아..시회이수로 문제 삼아 박살내자..
113,"[제목 : [엑스엘게임즈] 이럴꺼면 합병을하지..,. ]",https://www.38.co.kr/html/forum/board/?o=v&code=225630&no=145,2020-06-29,일단 2023년 PC기반 mmorpg게임 나와야 가능성 있겠네요..ㅠㅠ
114,[제목 : [엑스엘게임즈] 엑스엘 소액주주면서 달빛조각사 유저인데요? ],https://www.38.co.kr/html/forum/board/?o=v&code=225630&no=146,2020-07-31,달빛조각사는 7월부터 업댓하면서 패키지 내놓으면서매출 올리고 있는거 같은데 아키에이지는 어떤지 궁금하네요 아키에이지 유저분은 안계시나요?
115,[제목 : [엑스엘게임즈] 아키에이지 워크는? ],https://www.38.co.kr/html/forum/board/?o=v&code=225630&no=147,2020-07-31,엑스엘게임즈가 만든건가요?
116,[코멘트 : [엑스엘게임즈] 아키에이지는 그냥 망했다고 보시면 됩니다. ],https://www.38.co.kr/html/forum/board/?o=v&code=225630&no=149,2020-08-10,아키에이지는 그냥 망했다고 보시면 됩니다.
117,"[코멘트 : [엑스엘게임즈] 이런 안타깝네요 아키 5년 했었는데 ㅠㅠ
운영만 잘 ]",https://www.38.co.kr/html/forum/board/?o=v&code=225630&no=150,2020-08-11,이런 안타깝네요 아키 5년 했었는데 ㅠㅠ운영만 잘했어도 검은사막 보다 잘 나갔을텐데
118,[제목 : [엑스엘게임즈] 아키에이지2 ],https://www.38.co.kr/html/forum/board/?o=v&code=225630&no=151,2020-08-27,착수하나보네요 카카오 상장하면 들어오는 돈도 많으니 시작할꺼 같네요
119,[코멘트 : [엑스엘게임즈] 아키에이지 워크는 엑스엘게임즈가 하는게아닌가여? ],https://www.38.co.kr/html/forum/board/?o=v&code=225630&no=152,2020-08-27,아키에이지 워크는 엑스엘게임즈가 하는게아닌가여?
120,[제목 : [엑스엘게임즈] 2-3년만 기다리면 ],https://www.38.co.kr/html/forum/board/?o=v&code=225630&no=153,2020-08-31,카카오게임즈 상장후 제2. 카카오 게임즈 만들듯ᆢ아키에이지.   달빛조각사.  아키에이지2게임 개발등 미래가치 충분
121,"[코멘트 : [엑스엘게임즈] 글쎄요 아키에이지나 달빛조각사 운영하는거 보면
모 ]",https://www.38.co.kr/html/forum/board/?o=v&code=225630&no=154,2020-09-01,글쎄요 아키에이지나 달빛조각사 운영하는거 보면모르겠네요 게임은 그렇다 쳐도 운영이 진짜 거지같네요유저들이 잼나게 할수 있는 환경을 만들어 줘야 하는데이건 접게 만드니 ㅎㅎ
122,[제목 : [엑스엘게임즈] 카카오게임즈에서 인수했으닌까 ],https://www.38.co.kr/html/forum/board/?o=v&code=225630&no=155,2020-09-01,카카오 게임즈에서 인수하고 카카게임즈 상장하고 난후는 엑스엘게임즈 그대로 분명 놔두지는 않을겁니다ㆍ인수금액을 뽑아야 하닌까요
123,[코멘트 : [엑스엘게임즈] 카카오게임즈 폭등하면 50만원 간다. 재경이가 잘 팔 ],https://www.38.co.kr/html/forum/board/?o=v&code=225630&no=156,2020-09-01,카카오게임즈 폭등하면 50만원 간다. 재경이가 잘 팔았지. 재경이도 돈 방석에 앉음
124,[제목 : [엑스엘게임즈] 카카오게임즈 폭등하면 50만원 간다. 재경이가 잘 팔 ],https://www.38.co.kr/html/forum/board/?o=v&code=225630&no=157,2020-09-02,그건 맞는거 같네요ㆍ카카오에서 엄청 투자할듯 합니다
125,[제목 : [엑스엘게임즈] 카카오게임즈 폭등하면 50만원 간다. 재경이가 잘 팔 ],https://www.38.co.kr/html/forum/board/?o=v&code=225630&no=158,2020-09-02,재경아 인수 합병으로 했어야지...
126,[제목 : [엑스엘게임즈] 2-3년만 기다리면 ],https://www.38.co.kr/html/forum/board/?o=v&code=225630&no=159,2020-09-03,카카오는 모바일게임 운영 능력 전혀 없음. 서비스 게임마다 오류 투성. 카카오게임즈 운영미숙으로 달빛조각사 망함. 엑스엘게임즈 대주주만 웃는상황. 엑스엘 희망이 없음. 달빛 출시한단 소식으로 송재경 믿고 큰거 1장 샀다가 완전 묶임. 다른 분들 저꼴 나지 마시길..
127,[제목 : [엑스엘게임즈] 2-3년만 기다리면 ],https://www.38.co.kr/html/forum/board/?o=v&code=225630&no=160,2020-09-04,대표만 먹티?
128,"[제목 : [엑스엘게임즈] 소외감 느껴지네요 ;, ]",https://www.38.co.kr/html/forum/board/?o=v&code=225630&no=161,2020-09-04,처음 이주식에 투자할때 카카오와 엑스엘 고민하다 대표의 개발 개념등이 좋아보여 이쪽으로 투자 했는데 이회사에 투자한 나머지 주주들은 그냥 먼산 바라보면 되나요?오전에 대표는 돈방석 앉았다는 기사 보고 씁쓸하네요.송재경대표님 나머지 회사의 가능성을 보고 투자한 나머지 주주들은 어떻게 생각해야 할까요? ........ 
129,"[제목 : [엑스엘게임즈] 소외감 느껴지네요 ;, ]",https://www.38.co.kr/html/forum/board/?o=v&code=225630&no=162,2020-09-04,넘 신경안써도 될거같네요ㆍ오히려 카카오에서 인수한건 잘한거 같고 송재경천재개발자와 만났으니 카카오에서 공모자금으로 그냥 가만 두지는 않을겁니다ㆍ일단 아키에이지나 달빛조각사로 회사운영은 되닌까 해외진출이나 업그레이드로 충분히 이익을 100-200억은 가능할겁니다ㆍ글면은 단숨에 5만에서 10만원은 할거라 믿습니다ㆍ그후 내후년에나 상장하지 않을까 생각하네요ㆍ어디까진 개인적인 생각입니다
130,[제목 : [엑스엘게임즈] 아 언제상장할까? ],https://www.38.co.kr/html/forum/board/?o=v&code=225630&no=163,2020-09-09,"국내 온라인게임의 아버지로 불리는 송재경 엑스엘게임즈 대표도 돈방석을 예약했다. 그는 '리니지'와 '바람의 나라'를 만든 스타 개발자다. 송 대표는 지난 2월 카카오게임즈가 엑스엘게임즈 지분 53%와 경영권을 인수하면서 맞교환한 카카오게임즈 56만6824주(지분율 0.99%)를 갖고 있다. 공모가 기준으로 136억원에 달한다. 업계에선 카카오게임즈가 엑스엘게임즈를 인수하며 약점으로 꼽히던 개발력을 보완한 동시에 몸값을 높였다고 본다.엑스엘게임즈 주식은 더 떨어지고, 언제 상장할라나요?2~3년 더 기다리면 상장할 수 있으려나요? =ㅁ=;"
131,[제목 : [엑스엘게임즈] 아 언제상장할까? ],https://www.38.co.kr/html/forum/board/?o=v&code=225630&no=164,2020-09-10,걱정안해도 됩니다ㆍ내년쯤 엑스엘게임즈 실적이 향상 될걸로 확신합니다ㆍ기다리면 좋은결과 있을겁니다ㆍ지금 아무도 관심없을때 매수전략은 더 유효해 보입니다ㆍ이제 엑스엘게임즈는 카카오 자회사거든요
132,[제목 : [엑스엘게임즈] 아키에이지2 공개했네요 ],https://www.38.co.kr/html/forum/board/?o=v&code=225630&no=166,2020-09-10,내년엔 대박날듯 하네요
133,[제목 : [엑스엘게임즈] 카카오게임즈 폭등하면 50만원 간다. 재경이가 잘 팔 ],https://www.38.co.kr/html/forum/board/?o=v&code=225630&no=167,2020-09-13,재경이 신의 한수
134,[제목 : [엑스엘게임즈] 제2의 카카오게임 ],https://www.38.co.kr/html/forum/board/?o=v&code=225630&no=168,2020-09-13,카카오 인수비용 뽑아야 되니 키워서 상장시키겠죠... 대략 카겜 반토막 수준이라 해도 5만원 목표주가. 상승여력 충분.
135,[제목 : [엑스엘게임즈] 달빛조각사’ 대만 서비스 시동 ],https://www.38.co.kr/html/forum/board/?o=v&code=225630&no=170,2020-09-20,대만 부터 시작인가봐요 잘 되길 바랍니다.
136,[제목 : [엑스엘게임즈] 엑스엘게임즈는 희망이 있는가? ],https://www.38.co.kr/html/forum/board/?o=v&code=225630&no=171,2020-09-24,"아~~이 주식 가지고 몆년인데...하는거 보면 무엇을 하고있는 회사인지 알 수가 없고,송재경 어떤네 뭐가 어떤네 하는 말만 무성 할 뿐 이루어 놓은 것은 없다...언제나 상장하려나...회사의 경영에 문제가 있는 듯 하다.관리를 잘 못하든 아니면 송재경이가 운영을 못하든 구조적으로 문제가 있는 회사 같다.남들은 다들 상장도 잘하는데뭐하는 건지..욕나온다..."
137,[제목 : [엑스엘게임즈] 주식 1주라도 가지고 있으면 그회사 주인입니다. ],https://www.38.co.kr/html/forum/board/?o=v&code=225630&no=172,2020-09-28,내회사라 생각하시고 격려와 힘을 주도록 합시다.아키에이지나 달빛조각사 서비스중 에러 조치 대응조직을 별도로 만들어 에러 발생 제로화를 만드는것이 최우선 과제입니다.게임 적품성은 우수하나 게임 진행 중 에러로 게임 참여자의 충성도가 리니지에 비해 낮습니다.게임 유지관리가 매우 중요합니다.카카오게임즈의 자회사로 게임 개발 역량을 향상시키고 세계시장으로 확장했으면 좋겠네요.최근 마이크로소프트사가 틱톡 인수를 포기하고 제2의 게임개발사를 인수하였다고합니다.그만큼 게임산업이 4차산업의 핵심이라는것을 알아야합니다.
138,[제목 : [엑스엘게임즈] 무슨일있나요? ],https://www.38.co.kr/html/forum/board/?o=v&code=225630&no=173,2020-09-28,8월에는 거래량 1도없더니 9월에는 그래도 쬐금은 있네요ㅎㅎ
139,[제목 : [엑스엘게임즈] 카카오계열사 엑스엘게임즈 곧 대박날듯ᆢ ],https://www.38.co.kr/html/forum/board/?o=v&code=225630&no=174,2020-10-06,카카오ㆍ카카오게임즈ㆍ카카오뱅크ㆍ카카오페이지ㆍ엑스엘게임즈 등 카카오계열사 전부 대박행진입니다 ㆍ카카오에서 1주당 인수금액 28500원인데 지금 18000원은 말도 안되는 금액입니다아키에이지에 달빛조각사 매출로 2020년 500억 매출 예상됩니다 ᆞ2021년이나 2022년 상장가능성 있읍니다ᆞ2021년 매출1000억도 가능합니다
140,[코멘트 : [엑스엘게임즈] 2020년 매출은 달빛조각사때문이 아니라 코로나때문이 ],https://www.38.co.kr/html/forum/board/?o=v&code=225630&no=175,2020-10-08,2020년 매출은 달빛조각사때문이 아니라 코로나때문이고요.. 그마저도 대형게임 위주로 유저들이 다 빠져나갔기 때문에 엑스엘게임즈같은 회사는 더 어려워졌습니다.. 사람들도 아는 거죠.. 결국 뭐든지 대기업 게임이 서비스가 좋다는 것을..
141,[제목 : [엑스엘게임즈] 헐ᆢ40만주나 거래가? ],https://www.38.co.kr/html/forum/board/?o=v&code=225630&no=177,2020-11-04,10/29 에 40만주나 거래가 되었네요? 아마 기관끼리 자전거래 한듯ᆢ곧 대박소식이 있을듯 하네요ㆍ대만에서 달빛조각사도 매출 10위상권을 유지하고ᆢ올해 매출 엄청 상승할듯 하네요
142,[제목 : [엑스엘게임즈] 조용하군요.. ],https://www.38.co.kr/html/forum/board/?o=v&code=225630&no=179,2020-12-07,"엑스엘게임즈.. 2 ~ 3년후 ipo 기대하고 들어왔는데, 조용하네요 ㅎ"
143,[코멘트 : [엑스엘게임즈] 2~3년 뒤나 되야 할거 같은데 아직은 매수타이밍이 아 ],https://www.38.co.kr/html/forum/board/?o=v&code=225630&no=180,2020-12-16,2~3년 뒤나 되야 할거 같은데 아직은 매수타이밍이 아니네요.
144,[제목 : [엑스엘게임즈] 엑스엘게임즈 17300원에 살까요? ],https://www.38.co.kr/html/forum/board/?o=v&code=225630&no=182,2021-01-04,고민입니다.
145,[제목 : [엑스엘게임즈] 대표 이자는 뭐하는 인간인가? ],https://www.38.co.kr/html/forum/board/?o=v&code=225630&no=184,2021-01-07,상장좀 해라..지겹다.세금 낼때 상장할려나..이리 저리 주주에게 피해주네..지는 돈 벌었다 이거지..
146,[제목 : [엑스엘게임즈] 앞으로의 계획이 어떻게 되나요? ],https://www.38.co.kr/html/forum/board/?o=v&code=225630&no=185,2021-02-04,"아키에이지2, 수집형 모바일게임,대전게임 mmorpg게임 앞으로의 계획 아시는분 있나요~??"
147,[제목 : [엑스엘게임즈] 앞으로의 계획이 어떻게 되나요? ],https://www.38.co.kr/html/forum/board/?o=v&code=225630&no=186,2021-02-04,인제 개발 시작했으니 빨라야 앞으로 3년 후 아닐까요? 특히 게임사들은 계획대로 되는경우가 거의 없는듯 합니다.
148,[제목 : [엑스엘게임즈] 정기주주총회 3월18일이네요 ],https://www.38.co.kr/html/forum/board/?o=v&code=225630&no=188,2021-03-15,이번에 이사님 보수한도가 30억원이네요엑스엘게임즈 대박나게 부탁드립니다
149,[제목 : [엑스엘게임즈] 주총 가신분 특별한 내용 있었나요? ],https://www.38.co.kr/html/forum/board/?o=v&code=225630&no=191,2021-03-21,이사때문에 한번 가보려했는데 못갔네요ㅠㅠ
150,[제목 : [엑스엘게임즈] 주가 이제 시작인가요? ],https://www.38.co.kr/html/forum/board/?o=v&code=225630&no=193,2021-05-05,
151,[제목 : [엑스엘게임즈] 6.18 임시주총이 열리네요 ],https://www.38.co.kr/html/forum/board/?o=v&code=225630&no=195,2021-06-16,6.18 엑스엘게임즈 임시주총이네요어떤 내용인지 아시는분 계신가요?^^
152,[코멘트 : [엑스엘게임즈] 3년 ㄷㄷ ],https://www.38.co.kr/html/forum/board/?o=v&code=225630&no=197,2021-07-05,3년 ㄷㄷ
153,[코멘트 : [엑스엘게임즈] 3년은 기본이죠 상장하려면 4년 아닐까요? ],https://www.38.co.kr/html/forum/board/?o=v&code=225630&no=198,2021-07-05,3년은 기본이죠 상장하려면 4년 아닐까요?
154,[코멘트 : [엑스엘게임즈] 블럭체인 기술도 같이 해주면 좋을꺼 같은데 어찌 되 ],https://www.38.co.kr/html/forum/board/?o=v&code=225630&no=202,2021-10-28,블럭체인 기술도 같이 해주면 좋을꺼 같은데 어찌 되려나
155,[제목 : [엑스엘게임즈] 엑스엘게임즈 상장 ? 할까요 ],https://www.38.co.kr/html/forum/board/?o=v&code=225630&no=203,2021-11-03,엑스엘게임즈 주식 보유하고 상장 기다리기 너무 힘듭니다상장 관련 소식 궁금해요꼭 아시는 만큼 답글 부탁드립니다 
156,[제목 : [엑스엘게임즈] 기약없어요 ],https://www.38.co.kr/html/forum/board/?o=v&code=225630&no=205,2021-11-03,빨라야  3~4년  기다리세요
157,[제목 : [엑스엘게임즈] 이 개잡주 뭐하냐 대표만 지분넘기고 ],https://www.38.co.kr/html/forum/board/?o=v&code=225630&no=212,2022-01-18,개잡주는 뭐하는 건지대표만 지분넘기고 호식하고 있나시 ㅂ ㅌㅐ ㅇ
158,[제목 : [엑스엘게임즈] 엑스엘게임즈는 NFT 게임을 만들 예정인가? 아니면 기존 게임을 NFT화할 것인가? ],https://www.38.co.kr/html/forum/board/?o=v&code=225630&no=213,2022-01-30,"송재경: 기존 및 신규 게임을 모두 준비 중이다. 본격적으로 진행한 지는 한 1~2달 정도 됐다. 유저 분들이 결과물을 보실 수 있는 시기는 빠르면 올해 여름 정도로 생각하고 있다.시몬: 어떻게 생각하나? 긍정적으로 보는 이들은 미래를 바꿀 ‘변곡점’이라고 기대하고, 부정적으로 보는 이들은 요란스러운 ‘스캠’(신용 사기)이라고 비판하는데.송재경: 이 현상의 기술적 기반은 블록체인이다. 90년대 펼쳐진 인터넷 보급처럼 블록체인 기술은 결과적으로 3번 째 거대한 웨이브가 될 것으로 생각한다. 살아온 인생에서 세 번의 큰 기술적 변곡점을 겪은 것 같은데 1차가 앞서 언급한 인터넷 시대라면 2차는 아이폰을 필두로 한 모바일 시대였다. 3차는 블록체인 기술과 이를 기반으로 한 NFT가 될 것이다.시몬: 왜 그렇게 보는가? 1차와 2차 웨이브는 우리가 이미 겪었다. 블록체인 기술을 3차 웨이브로 보는 이유는 무엇인가?송재경: ​결국 ‘연결’의 이슈다. 90년대 말 인터넷이 광범위한 연결을 가능하게 했고, 2010년대 초 스마트폰은 시공간 제약을 제거함으로써 연결을 더 가속화했다. 블록체인은 정부나 통신사, 플랫폼 업체의 주도권을 탈중앙화한다는 데에서 자유로운 연결을 가능하게 하리라고 본다. SNS 회사들의 사례만 봐도, 느슨하고 자유로운 연결보다는 회사의 돈벌이를 위한 연결을 유도하고 있지 않은가?"
159,[코멘트 : [엑스엘게임즈] 공홈 채용공고를 보니 달빛조각사 ip를 활용하여 신규 ],https://www.38.co.kr/html/forum/board/?o=v&code=225630&no=214,2022-01-30,공홈 채용공고를 보니 달빛조각사 ip를 활용하여 신규 모바일 게임을 만든다고 하네요 2023년에 나올지 2024년에 나올지 모르겠지만 nft 게임 기대되네요
160,[제목 : [엑스엘게임즈] [단독]'아키에이지' 보라 플랫폼 온보딩...부동산 NFT+ P2E 사업화 확정 ],https://www.38.co.kr/html/forum/board/?o=v&code=225630&no=216,2022-02-08,"카카오의 손자회사 엑스엘게임즈의 대표작 '아키에이지'와 엑스엘게임즈가 출시를 앞둔 '아키에이지 모바일'이 블록체인 '보라' 플랫폼에 탑재되어 본격적인 블록체인 게임 사업화에 나선다.보라는 카카오의 또 다른 손자회사 프랜즈게임즈가 운영하고 있는 것으로, 카카오 산하 게임 및 엔터테인먼트 계열사들이 공통으로 활용하는 블록체인 콘텐츠 플랫폼이다.8일 엑스엘게임즈 사정에 정통한 소식통은 ""PC 게임 '아키에이지'가 보라 플랫폼에 온보딩하고, 게임 내 토지를 NFT화 해서 판매하는 사업화를 하기로 확정했다""며 ""빠르면 2분기 중 출시될 '아키에이지 모바일'도 보라 플랫폼에 탑재해 P2E 게임으로 선보이게 될 것""이라고 밝혔다.엑스엘게임즈는 '리니지의 아버지' 송재경 프로듀셔가 설립한 게임 전문 개발사다. 카카오게임즈가 인수해 카카오 계열사로 편입된 바 있다.'아키에이지'는 엑스엘게임즈를 설립한 후 선보인 첫 게임이다. 전투 외에도 사냥과 채집, 농경, 하우징 등의 다채로운 요소를 접목한 것이 특징이다.'아키에이지' 게임 내 토지는 여타 MMORPG와 달리 던전화 되어 있지 않고, 현실세계의 토지 처럼 게임 내 토지가 유한하다는 특징이 있다. 일반적인 MMORPG의 하우징 개념처럼 모든 게임 이용자에게 주어지는 개인 공간의 개념과도 차이가 있다.엑스엘게임즈는 '아키에이지 모바일' 등 후속작도 보라 플랫폼을 연동한 P2E게임으로 선보이는 안을 확정한 것으로 알려졌다. '아키에이지 모바일'은 빠르면 2분기 출시를 목표로 하고 있는데, 실제 출시 시기는 하반기가 될 가능성이 높다.'아키에이지'의 실 이용자 층은 국내보다 러시아 등 해외 시장 비중이 압도적으로 높은 것으로 알려져 있다. '아키에이지 모바일'의 이용층도 해외 비중이 높을 것으로 점쳐진다.'아키에이지' IP가 범 카카오 계열의 게임 콘텐츠 중 가장 오랜 역사와 상징성이 있는 점, P2E 등 블록체인 게임 사업화가 국내에선 제약이 있는 점을 고려하면 '아키에이지' IP의 보라 플랫폼 참여는 자연스러운 수순이라는 평가다."
161,"[제목 : [엑스엘게임즈] 엑스엘게임즈, 블록체인 도입한 '아키월드' 7월 출시 ]",https://www.38.co.kr/html/forum/board/?o=v&code=225630&no=217,2022-02-09,"엑스엘게임즈가 블록체인 기반 게임 '아키월드'를 오는 7월에 출시할 것이라고 밝혔다.엑스엘게임즈 최관호 대표이사는 금일(8일), 보라네트워크가 주최한 'BORA 2.0 파트너스 데이' 행사에 참여하여 엑스엘게임즈가 준비하고 있는 '아키월드'에 대한 정보를 공개했다. 이날 엑스엘게임즈는 보라네트워크의 암호화폐인 BORA 2.0 거버넌스 카운실 파트너로서 행사에 참여했다.최관호 대표는 ""P2E 게임을 이야기할 것이라고 기대했을텐데, 물론 엑스엘게임즈에서도 이를 고민했고, 10년 이상 서비스하면서 인지도도 쌓았고 안정적이기도 한 아키에이지를 본격적인 첫 번째 P2E MMORPG로 만들면 좋겠다고 생각했다""며 운을 띄웠다. 하지만 1세대 MMORPG 개발자인 송재경 대표가 있는 회사인 만큼, MMORPG의 처음과 끝을 잇는 회사라는 비전을 함께 고민해야만 했다고 설명했다.그는 현재 엑스엘게임즈가 MMORPG 기반의 본격적인 메타버스 구현을 구상하고 있다며, 현재 개발 중인 또 하나의 신작 '아키에이지2'의 경우, 그야말로 메타버스라고 부를 수 있는 게임으로 만들고자 한다는 포부를 밝혔다.이때 고민해야 하는 것은 '메타버스가 진짜 존재하는가?'에 대한 의문이다. 최관호 대표는 유저가 관심을 가지고 이해해주지 않으면 메타버스에는 아무런 의미가 없다며, '소유'가 더해진 새로운 메타버스의 개념을 소개했다. 그는 현재의 온라인 게임은 출발점부터 소유가 아닌 '접속과 사용의 대상'이었고, 소비자가 아닌 유저라고 부르는 이유는 여기에 있다며, 게임의 소유권을 이젠 게이머에게 돌려줘야한다고 설명했다.엑스엘게임즈의 새로운 게임은 유저가 만드는 모든 것을 유저가 직접 소유할 수 있게 될 예정이다. 이를 가능하게 하는 것이 블록체인 기술이고, 이를 NFT화 하여 소유, 보관, 거래할 수 있게 하는 것이 엑스엘게임즈의 목표라고 할 수 있다. 단순히 아이템의 권리를 소유하는 것에서 나아가, 유저가 게임의 퀘스트를 만들고, 맵을 만들고, 던전을 만들고, 기획안을 수정해서 제안하는, 완전한 '크리에이터 이코노미'를 뜻한다.최관호 대표는 게임의 방향성, 운영권, 소유권마저도 유저에게 넘길 수 있지 않을까 고민하고 있다며, 여러 문제가 없다는 전제하에 소스와 에셋도 공개하고, 운영 방향도 토큰 홀더 커뮤니티인 DAO가 결정하게 해서 심지어 개발진이나 퍼블리셔가 마음에 안 들면 바꿀 수도 있을 것이라고 설명했다.끝으로 그는 지금의 게임 회사들이 유저들을 돈벌이 대상으로만 보고 있지는 않느냐며, 유저들의 자유로운 플레이와 경제활동이 가능한 플랫폼을 제공할 뿐, 그 외의 모든 결정은 유저가 할 수 있게 하는 보라 2.0 기반의 아키에이지를 변형시킨 블록체인 게임 '아키월드'를 7월에 오픈할 것이라고 밝혔다."
162,"[제목 : [엑스엘게임즈] 엑스엘게임즈, 블록체인 게임 '아키월드' 7월 출시...사전 예약 돌입 ]",https://www.38.co.kr/html/forum/board/?o=v&code=225630&no=218,2022-03-14,엑스엘게임즈는 '아키에이지'의 블록체인 버전인 '아키월드'를 오는 7월 출시할 예정이라고 14일 밝혔다. 
163,[제목 : [엑스엘게임즈] 상장은 언제하는데~~ ],https://www.38.co.kr/html/forum/board/?o=v&code=225630&no=219,2022-03-17,상장한다고 한지 가 벌써5년은 지났겠다잡주야
164,"[코멘트 : [엑스엘게임즈] 기다리면  답이다      

카카오가    돈이  남아 ]",https://www.38.co.kr/html/forum/board/?o=v&code=225630&no=220,2022-03-22,기다리면  답이다      카카오가    돈이  남아   유증  하는 가    ?다   때가  되면   폭발  한다
165,[제목 : [엑스엘게임즈] 주종다녀왔습니다. ],https://www.38.co.kr/html/forum/board/?o=v&code=225630&no=221,2022-03-26,일단 올해 매출 272억 영업이익- 130억 당기순이익 -200억이고매출이 늘었음에도 영업이익 적자폭이 큰건 신작 준비등으로 인력 확충에 의한 거라고 하네요 그리고 당기순이익 적자가 큰 이유는 개발비를 무형자산이 아닌 당해비용처리하여 그렇다고 합니다.(뇌피셜 올해부터 흑자전환하려고 미리 한거 같은데 이건 어디까지 제생각입니다)그리고 현재 현금 200억정도 보유하고 있어서 유증이나 이런건 필요하지 않다고 하네요그리고  현재 아키에이지 nft 버전인 아키월드가 7월 출시예정이고요담주 민팅들어가네요 현재 7만명이상 관심 보이고 있어서 무난하게 민팅 성공할꺼 같구요그리고 달빛조각사도 아직 정해지지 않았지만 p2e 버젼도 생각하는거 같습니다.4분기 정도  모바일 신작 아키엠이 출시 되는데 회사에서는 기대하고 있는거 같습니다.ipo 계획은 올해 흑자 전환하고 내년 흑자 전환한다면 2024년 아키에이지2 나오기 전에 상장을 준비하려고 한다고 합니다.그래서 상장후도 계속 주가 상승을 기대한다고 합니다.일단 대표님이 공모가격 보다 상장을 중점을 둔다고 했으니아마도 올해 내년 실적이 어느정도 받쳐준다면 2024년 초 기대해봐도 좋을꺼 같습니다.그래서 올 3분기 또는 4분기 실적을 보고 판단하시면 좋을꺼 같습니다.
166,[제목 : [엑스엘게임즈] 아키월드 민팅 - 소통의 중요성 ],https://www.38.co.kr/html/forum/board/?o=v&code=225630&no=222,2022-04-14,"진짜 아키월드 민팅 최악이었습니다.민팅하기 쉽게 카이카스 지갑으로 했으면 편했을껄 메타마스크 지갑으로 해서많은 사람들의 참여를 어렵게 하고, 그리고 카드민팅 하시는분과 게임하는 유저의 차이도 이해못하고 못생긴 카드를 민팅에 추가해서 참여율을 떨어뜨리고진짜 최악중에 최악이었습니다.게임하거나 하려는 유저들이 nft에 대해 잘 모를수 있다는걸 이해못하고참여하는 방법을 좀 자세히 설명해 주었으면 더 많은 참여가 있었음에도엑스엘게임즈는 제대로 이해도 못한거 같고 거기다 최악의 수동민팅으로 인해3차까지 원래 판매물량의 절반정도 밖에 민팅하지 못했습니다.제 생각에는 엑스엘게임즈 회사는 아직 시장에서 엑스엘게임즈의 위치를 제대로 파악하지 못하는거 같습니다. 그래서 추가 4차민팅을 한다고 하자 홀더들이 더 화가났습니다.그나마 다행인건 4차민팅을 하기전에 홀더들고 소통을 하고 혜택도 추가하면서제 예상보다는 4차민팅이 잘 진행되었습니다.정확하지는 않지만 200장이상은 못팔렸지만 생각보다 분위기도 좋게 잘 끝냈습니다.제 생각에는 엑스엘게임즈에서 민팅을 첨하다보니 민팅의 수요자들을 제대로 파악하지 못한거 같습니다.민팅 참여를 해놓고도 분위기가 안좋으면 사지 않는 사람들도 있기때문에100장을 팔꺼면 200명을 뽑아놓고 거기서 선착순으로 했어야 하는데100장파는데 100명만 뽑아놓으니  거기서 안사는 사람이 생기면 다음회차 민팅에도 영향을 주는 악순환을 전혀 생각 못한거 같습니다.그래도 이번에 홀더들과 소통도 하고 추가 혜택도 주면서지금의 홀더들이 다음 토지민팅때도 참여할꺼 같은 분위기였습니다.진짜 엑스엘게임즈가 유저들하고 소통을 많이하며 성장하는 회사가 되었으면 좋겠습니다. "
167,[제목 : [엑스엘게임즈] 이놈의 회사는 운영하는게 미숙해 ],https://www.38.co.kr/html/forum/board/?o=v&code=225630&no=223,2022-06-10,지금까지 보면 사람의 마음을 모르는 듯그냥 지 멋대로하면 사람들이 따라 올거라고 하는 듯지금까지 진행하는 것 보면 유저 반응을 파악 안하고 그냥 지 꼴리데로 하는 거지..발전성이 없다
168,"[제목 : [엑스엘게임즈] 카카오게임즈-엑스엘게임즈, 아키에이지2 퍼블리싱 계약 아키에이지 후속작 개발...2024년 출시 목표 ]",https://www.38.co.kr/html/forum/board/?o=v&code=225630&no=224,2022-09-15," 카카오게임즈는 자회사 엑스엘게임즈가 개발 중인 PC 다중접속역할수행게임(MMORPG) ‘아키에이지2’의 퍼블리싱 계약을 체결했다고 15일 밝혔다.송재경 엑스엘게임즈 대표가 직접 개발에 참여한 '아키에이지2'는 전작의 자유롭고 창의적인 게임성과 세계관을 계승했으며, 광활한 심리스 오픈월드와 전투 액션이 특징인 대형 PC MMORPG다. 총 100여명 이상의 개발진이 투입돼 전작의 다양한 특징적인 게임성을 계승했으며, 전투와 액션 그리고 스토리텔링 영역을 AAA급 콘솔 게임과 비교 가능한 수준으로 발전시켰다.‘아키에이지2’는 2020년 첫 공개된 이후 전작의 명성과 고유의 게임성으로 세간의 관심을 받고 있으며, 오는 2024년 내 서비스를 목표로 개발 중이다.조계현 카카오게임즈 대표는 “‘아키에이지2’는 엑스엘게임즈가 다년간 쌓아온 개발 노하우가 결집된 대작이니만큼 기대가 크다. 함께 좋은 작품이 잘 준비될 수 있도록 노력하겠다”며“이번 계약으로 국내 및 글로벌 서비스 판권을 획득하고, 또 하나의 MMORPG 라인업을 강화할 예정”이라고 말했다.송재경 엑스엘게임즈 대표는 “오랜 기간 동안 손발을 맞춘 카카오게임즈와 함께 할 수 있어 기쁘다”며“기다려주시는 많은 국내외 이용자들에게 PC MMORPG가 가진 본질적 재미에 충실한 고퀄리티 게임이 탄생할 수 있도록 최선을 다하겠다”고 전했다.한편, 전작 '아키에이지'는 자유도 높은 플레이로 많은 인기를 얻은 대형 PC MMORPG로, 지난 2013년 1월 출시 이후 일본과 러시아, 북미·유럽, 중국 등 64개국에서 2000만명의 누적 가입자를 보유했다."
169,[코멘트 : [엑스엘게임즈] 주총에서 상장하고 이후 아키2 출시해서 주가 유지할 ],https://www.38.co.kr/html/forum/board/?o=v&code=225630&no=225,2022-09-15,주총에서 상장하고 이후 아키2 출시해서 주가 유지할꺼라고 하던데만약 계획처럼 된다면 2024년 상장 가능할꺼 같은데 잘 되려는지 모르겠네요 그렇게 되려면 이번에 모바일 신작 아키워가 잘 되야 할꺼 같네요
170,[제목 : [엑스엘게임즈] 그래서 닝기미 상장은 언제하는데 ],https://www.38.co.kr/html/forum/board/?o=v&code=225630&no=227,2022-09-20,염 벼  ㅇㅇㅇ 하고있네
